time,wave,bottom_dstress,bottom_impedance_velocity,main_top_vx,main_top_vy,main_top_ax,main_top_tau_xy,left_ff_top_vx,left_ff_top_vy,left_ff_top_ax,left_ff_top_tau_xy,right_ff_top_vx,right_ff_top_vy,right_ff_top_ax,right_ff_top_tau_xy,base_vx,base_vy,base_ax,base_tau_xy
0.0,0.0,0.0,0.0,4.489331712976332e-05,-0.00021460243239831305,0.0,0.0,0.0,0.0,0.0,0.0,0.0,0.0,0.0,0.0,3.115178569394056e-05,0.0002265551682289822,0.0,0.0
0.0001443373668289806,0.0020547529910857065,0.0020547529910857065,0.00020547529910857067,0.00020538282241073396,-0.0008246276208911885,1.1119054532228514,-0.0042833459293889166,0.0,0.0,0.0,0.0,0.0,0.0,0.0,0.0,0.00035199761231774495,0.0003178913386672612,2.22288817977372,0.0029761554301237264
0.0002886747336579612,0.008202123924925309,0.008202123924925309,0.000820212392492531,0.0002548216399333088,-0.0009544659962024477,0.3425226509858174,-0.00636164706366029,0.0,0.0,0.0,0.0,0.0,0.0,0.0,0.0,0.0009167436753786711,-0.00012389296457341622,3.912680932651837,0.0036652895678049597
0.00043301210048694183,0.01839158748626435,0.01839158748626435,0.001839158748626435,0.00011989066115029499,-0.0006189257489115775,-0.9348305414417594,-0.004060300206928081,0.0,0.0,0.0,0.0,0.0,0.0,0.0,0.0,0.001699673804183922,-0.00044911473529852473,5.424306581212004,-0.00030781464638091494
0.0005773494673159224,0.03253939635218189,0.03253939635218189,0.0032539396352181896,-0.00022291719360999383,1.0293241265453955e-05,-2.375045785381881,0.0021782910044207786,0.0,0.0,0.0,0.0,0.0,0.0,0.0,0.0,0.0025382457046938646,-0.00030509712530567187,5.80980461908753,-0.009196357949990967
0.000721686834144903,0.05052926951233977,0.05052926951233977,0.005052926951233977,-0.0006223616891498763,0.0004598257943074034,-2.7674364879689657,0.008491424498408244,0.0,0.0,0.0,0.0,0.0,0.0,0.0,0.0,0.003391357119096342,0.0001360710462932692,5.910537466110863,-0.02056098249341238
0.0008660242009738837,0.07221334798399764,0.07221334798399764,0.007221334798399765,-0.0008452024027410782,0.00047503704123679136,-1.5438878960237419,0.010518365199176392,0.0,0.0,0.0,0.0,0.0,0.0,0.0,0.0,0.004364641999256898,0.0004067142501924278,6.743124816138301,-0.031489007727632905
0.0010103615678028642,0.09741341006676119,0.09741341006676119,0.009741341006676119,-0.0007426743455513589,0.00032465529733026504,0.7103362035916909,0.006600762894627966,0.0,0.0,0.0,0.0,0.0,0.0,0.0,0.0,0.005568319852723099,0.0002778348678223596,8.33933637498313,-0.040521385697211476
0.0011546989346318446,0.12592233614887,0.12592233614887,0.012592233614887,-0.0003229401282632708,0.0004170536996283923,2.908007998964083,-0.0012380668803139406,0.0,0.0,0.0,0.0,0.0,0.0,0.0,0.0,0.0069773917789728995,-3.414920166308581e-05,9.762350229925932,-0.047691502759766566
0.001299036301460825,0.1575058110257646,0.1575058110257646,0.01575058110257646,0.00031538123333174986,0.0006792830228601366,4.42242626160239,-0.009001890535478509,0.0,0.0,0.0,0.0,0.0,0.0,0.0,0.0,0.00843681393934465,-0.00018228073050102355,10.111187369109773,-0.053332656776800325
0.0014433736682898054,0.19190424973955628,0.19190424973955628,0.01919042497395563,0.0010772811263201263,0.0005684777699006305,5.278604631128689,-0.013557372378062829,0.0,0.0,0.0,0.0,0.0,0.0,0.0,0.0,0.009781829585370145,-9.410629732861007e-05,9.31855468597505,-0.057404338664679755
0.0015877110351187858,0.22883493111090175,0.22883493111090175,0.022883493111090177,0.0018831079083284563,-0.0001803659860013098,5.582939468219079,-0.014586336502262568,0.0,0.0,0.0,0.0,0.0,0.0,0.0,0.0,0.010927718784595458,1.6203154140547013e-05,7.93896427792694,-0.06000354423918662
0.0017320484019477662,0.2679943214277586,0.2679943214277586,0.02679943214277586,0.0026256581105844243,-0.001004415272446375,5.144545855099229,-0.014655361043538992,0.0,0.0,0.0,0.0,0.0,0.0,0.0,0.0,0.011844469934754062,-2.007712738649994e-05,6.351447101323572,-0.06201579311822023
0.0018763857687767466,0.30906056919259617,0.30906056919259617,0.030906056919259618,0.0031802341971224556,-0.0009913899811765502,3.842221170593519,-0.017679856919963686,0.0,0.0,0.0,0.0,0.0,0.0,0.0,0.0,0.012482148841173771,-0.00011248485503193954,4.4179751953994675,-0.06466042203058522
0.002020723135605727,0.3516961504237045,0.3516961504237045,0.03516961504237045,0.0034913044182677266,4.696964833931528e-05,2.155160704253707,-0.02673811425361339,0.0,0.0,0.0,0.0,0.0,0.0,0.0,0.0,0.012768581839382408,-7.494463794160803e-05,1.9844687796474767,-0.06818879865760727
0.002165060502434708,0.39555064276883867,0.39555064276883867,0.03955506427688387,0.0036306370892194534,0.0012060746613759188,0.9653264016989864,-0.04229871971666963,0.0,0.0,0.0,0.0,0.0,0.0,0.0,0.0,0.012699579807945864,8.707090971055335e-05,-0.47806076106613604,-0.07129443750387736
0.0023093978692636887,0.44026360563072364,0.44026360563072364,0.04402636056307237,0.00373142854237379,0.0013933221421407722,0.6983046411935744,-0.061767017733916935,0.0,0.0,0.0,0.0,0.0,0.0,0.0,0.0,0.012410163291667125,0.00016599411592719098,-2.0051392278872346,-0.07220786232746462
0.0024537352360926696,0.48546754263263653,0.48546754263263653,0.04854675426326366,0.00385128270823936,0.0005332080359479704,0.8303751724082649,-0.08077079145605635,0.0,0.0,0.0,0.0,0.0,0.0,0.0,0.0,0.012116642314109896,3.221987393243011e-05,-2.033575809270572,-0.07055318983260465
0.0025980726029216504,0.5307909220755229,0.5307909220755229,0.053079092207552296,0.0039143810039031285,-0.0003484374307022818,0.43715842300580987,-0.09563431289680387,0.0,0.0,0.0,0.0,0.0,0.0,0.0,0.0,0.011960160259147659,-0.00017340851875028495,-1.084140984417751,-0.06803347532395165
0.0027424099697506313,0.5758612305614774,0.5758612305614774,0.05758612305614774,0.003796248645501364,-0.0002960337800259347,-0.8184461238075262,-0.10548617036342424,0.0,0.0,0.0,0.0,0.0,0.0,0.0,0.0,0.01190173491067064,-0.0001986993727065401,-0.4047832502462415,-0.06714102102655509
0.002886747336579612,0.6203080346858176,0.6203080346858176,0.062030803468581766,0.003445507092607663,0.000514494633909718,-2.430012134759808,-0.11240483423894872,0.0,0.0,0.0,0.0,0.0,0.0,0.0,0.0,0.011775167865905961,5.467286404039963e-06,-0.8768834262761838,-0.06916943146402638
0.003031084703408593,0.6637660256336684,0.6637660256336684,0.06637660256336685,0.002899706083011214,0.0010597777196779245,-3.781425569742762,-0.1193814398583742,0.0,0.0,0.0,0.0,0.0,0.0,0.0,0.0,0.011440819760936858,0.00021508646884713445,-2.316434838147335,-0.07352228062689092
0.003175422070237574,0.7058780216574831,0.7058780216574831,0.07058780216574832,0.0021970147265759125,0.0007094801722602237,-4.868395287187762,-0.12772269056864508,0.0,0.0,0.0,0.0,0.0,0.0,0.0,0.0,0.010882098237542116,0.00019670186058221768,-3.870941639504533,-0.07886128457671382
0.0033197594370665546,0.7462979037580997,0.7462979037580997,0.07462979037580997,0.0013271542295150284,-9.222209670231694e-05,-6.026578675856991,-0.13610309811438823,0.0,0.0,0.0,0.0,0.0,0.0,0.0,0.0,0.010160503638871474,-2.2940450372136768e-05,-4.999360973001732,-0.08464841778440609
0.0034640968038955355,0.7846934604409359,0.7846934604409359,0.0784693460440936,0.0003146189657832114,-0.0004759536864819433,-7.01505982807298,-0.14204492885143227,0.0,0.0,0.0,0.0,0.0,0.0,0.0,0.0,0.009307779135972187,-0.0002039947176971491,-5.907856860861568,-0.0913413749091245
0.0036084341707245163,0.8207491181662381,0.8207491181662381,0.08207491181662381,-0.0006614631634449639,-0.00024078034357638805,-6.762504753080976,-0.14436649955036973,0.0,0.0,0.0,0.0,0.0,0.0,0.0,0.0,0.00829755138092463,-0.00017829851667931472,-6.9990729167487995,-0.09919372262390429
0.003752771537553497,0.8541685350517794,0.8541685350517794,0.08541685350517794,-0.0012928691192954477,-7.299021185177815e-06,-4.374514858640935,-0.14425355680136942,0.0,0.0,0.0,0.0,0.0,0.0,0.0,0.0,0.007131278748663588,-1.5822135232935553e-05,-8.080185040668706,-0.10731038953257639
0.003897108904382478,0.8846770365103365,0.8846770365103365,0.08846770365103365,-0.0013498992048044352,-0.00029286223655966456,-0.3951165714181276,-0.14400399315907095,0.0,0.0,0.0,0.0,0.0,0.0,0.0,0.0,0.005922456390082953,0.00010242559669188868,-8.374978601438093,-0.11431920354837763
0.004041446271211458,0.9120238728034068,0.9120238728034068,0.09120238728034069,-0.0008856833303484882,-0.0007516136152248662,3.2161863878670998,-0.14481640874482624,0.0,0.0,0.0,0.0,0.0,0.0,0.0,0.0,0.00485116701955404,0.00010590009080468167,-7.422120785937862,-0.12002853598461728
0.004185783638040438,0.9359842799563112,0.9359842799563112,0.09359842799563112,-0.00021869642184782338,-0.0005879626607349135,4.621027272105865,-0.14589737729216157,0.0,0.0,0.0,0.0,0.0,0.0,0.0,0.0,0.0040112037726649195,6.899549616110276e-05,-5.819444162954433,-0.12604800730084714
0.004330121004869418,0.9563613270959892,0.9563613270959892,0.09563613270959892,0.00031075448443177003,0.00037060148009809233,3.668148573798774,-0.14573256150500122,0.0,0.0,0.0,0.0,0.0,0.0,0.0,0.0,0.003313768583506192,5.877001411292663e-05,-4.831979441505904,-0.13427422498100045
0.004474458371698398,0.9729875350282022,0.9729875350282022,0.09729875350282023,0.0005812076167541994,0.0013159097964890404,1.873756867429065,-0.14409530169820742,0.0,0.0,0.0,0.0,0.0,0.0,0.0,0.0,0.0025724451405309623,3.910643770019728e-05,-5.136046605683174,-0.14451740878854005
0.004618795738527378,0.9857262527510333,0.9857262527510333,0.09857262527510334,0.0007046255956040676,0.0013062577227894836,0.8550660273309659,-0.14262359325748417,0.0,0.0,0.0,0.0,0.0,0.0,0.0,0.0,0.0017015460619780277,-3.878642395590316e-05,-6.033774189498904,-0.15376546903533597
0.004763133105356358,0.9944727805911082,0.9944727805911082,0.09944727805911083,0.0008296121155029543,0.0003128550512147664,0.8659332135868777,-0.1433454219835484,0.0,0.0,0.0,0.0,0.0,0.0,0.0,0.0,0.0008229420929818185,-0.00011580208604237026,-6.087155310497209,-0.15816191853357503
0.004907470472185338,0.9991552307314631,0.9991552307314631,0.09991552307314631,0.0009585291074815386,-0.0007688260786996794,0.893164360766906,-0.146716095808069,0.0,0.0,0.0,0.0,0.0,0.0,0.0,0.0,0.00015613644300083203,-7.846288599220946e-05,-4.619771474500154,-0.15605632797259156
0.005051807839014318,0.9997351180583717,0.9997351180583717,0.09997351180583718,0.0009664116169114161,-0.0010984239062760356,0.05461170314418422,-0.1512253617904887,0.0,0.0,0.0,0.0,0.0,0.0,0.0,0.0,-0.00021009336560712905,6.761181930253624e-05,-2.537318067066398,-0.14929676429351874
0.005196145205843298,0.9962076764709564,0.9962076764709564,0.09962076764709565,0.0007792288461222033,-0.0006683673333366318,-1.2968420783995507,-0.15492430926867978,0.0,0.0,0.0,0.0,0.0,0.0,0.0,0.0,-0.0004355355430615092,0.00015645349278360553,-1.5619113913966456,-0.14157274000892195
0.005340482572672278,0.9886018980538276,0.9886018980538276,0.09886018980538276,0.0004996763456092297,-6.044409627365025e-05,-1.9367992270789105,-0.157167854881653,0.0,0.0,0.0,0.0,0.0,0.0,0.0,0.0,-0.0008140706268884252,4.890575637884456e-05,-2.622571632995275,-0.1354380651307217
0.005484819939501258,0.9769802947907937,0.9769802947907937,0.09769802947907938,0.000331990021067697,0.0003282683887544708,-1.1617665489229692,-0.15870163138482687,0.0,0.0,0.0,0.0,0.0,0.0,0.0,0.0,-0.0015408359869169249,-0.0001724798188624993,-5.035185108299898,-0.13077499252413977
0.005629157306330238,0.9614383847781187,0.9614383847781187,0.09614383847781188,0.00037333619513088356,0.0005604335692568882,0.2864550945575729,-0.16012767086313642,0.0,0.0,0.0,0.0,0.0,0.0,0.0,0.0,-0.0025901633188088213,-0.0002667045474363742,-7.269963107579797,-0.1258336498361302
0.005773494673159218,0.9421039071601454,0.9421039071601454,0.09421039071601454,0.0004816001747807727,0.000731673987549484,0.7500758953027538,-0.16065894297586633,0.0,0.0,0.0,0.0,0.0,0.0,0.0,0.0,-0.003807980851479409,-0.00010784665641389604,-8.437299082181088,-0.11940264604226078
0.005917832039988198,0.9191357722397401,0.9191357722397401,0.09191357722397402,0.00036206070842666584,0.0006222014350890746,-0.8281948672081898,-0.15879065564920822,0.0,0.0,0.0,0.0,0.0,0.0,0.0,0.0,-0.00509517197037432,0.00015707934280399484,-8.917934053903423,-0.11182740190819346
0.006062169406817178,0.8927227553926123,0.8927227553926123,0.08927227553926123,-0.00018807186934790654,1.4321288621262234e-05,-3.8114355960671236,-0.15428873855863867,0.0,0.0,0.0,0.0,0.0,0.0,0.0,0.0,-0.006474824231393017,0.00026559136736892605,-9.558524527147544,-0.10418616272255085
0.006206506773646158,0.863081945520243,0.863081945520243,0.0863081945520243,-0.001086489677669485,-0.0007830022366943724,-6.224429806774018,-0.14915433200109543,0.0,0.0,0.0,0.0,0.0,0.0,0.0,0.0,-0.007980795569583608,0.0001288374469624707,-10.433689981160326,-0.09702266285300665
0.006350844140475138,0.8304569607936061,0.8304569607936061,0.08304569607936062,-0.0019970901661322082,-0.0010637452637575213,-6.308834007909125,-0.14603302081601302,0.0,0.0,0.0,0.0,0.0,0.0,0.0,0.0,-0.009511951930524853,-8.893442932321862e-05,-10.60817717947879,-0.09028684250962493
0.006495181507304118,0.7951159463525059,0.7951159463525059,0.0795115946352506,-0.002572718905882232,-0.000513882565648652,-3.988078433161837,-0.14526689314011507,0.0,0.0,0.0,0.0,0.0,0.0,0.0,0.0,-0.010835717150178616,-0.00017715148206659523,-9.171327208859532,-0.08441231274784924
0.006639518874133098,0.7573493704174662,0.7573493704174662,0.07573493704174662,-0.002716946905819282,0.00031455491301417884,-0.9992422828936633,-0.14359527566071298,0.0,0.0,0.0,0.0,0.0,0.0,0.0,0.0,-0.011755320840001563,-0.00010362659484309805,-6.3712101032891315,-0.08089002008203978
0.006783856240962078,0.7174676369279497,0.7174676369279497,0.07174676369279497,-0.0026498186414157326,0.0005435226535597554,0.4650789042250388,-0.13628538413069544,0.0,0.0,0.0,0.0,0.0,0.0,0.0,0.0,-0.012267776994720328,3.234125326918673e-06,-3.550405317605355,-0.08119444207849352
0.006928193607791058,0.6757985343286647,0.6757985343286647,0.06757985343286647,-0.002720419818985648,-4.587286130675033e-05,-0.48913998586082075,-0.12118262115651861,0.0,0.0,0.0,0.0,0.0,0.0,0.0,0.0,-0.012542831656350208,4.791146014566747e-05,-1.9056372419193552,-0.08495877518636522
0.007072530974620038,0.6326845414724184,0.6326845414724184,0.06326845414724185,-0.0031196168776340366,-0.00077847591251248,-2.7657221925170807,-0.1010511472745368,0.0,0.0,0.0,0.0,0.0,0.0,0.0,0.0,-0.012743265882648767,6.292070954613626e-05,-1.388650982777358,-0.08948741435892843
0.007216868341449018,0.5884800127823274,0.5884800127823274,0.058848001278232746,-0.0037280514259641477,-0.0009054283637148674,-4.21536405781202,-0.08188460352207137,0.0,0.0,0.0,0.0,0.0,0.0,0.0,0.0,-0.012874598246975203,0.00010197991985278526,-0.9098985745115302,-0.09151400262474246
0.007361205708277998,0.5435482658085729,0.5435482658085729,0.05435482658085729,-0.004212584646393173,-0.0004661062131958223,-3.3569492853720306,-0.06849489700828122,0.0,0.0,0.0,0.0,0.0,0.0,0.0,0.0,-0.01281522181346332,0.00012013300193715657,0.4113725698088784,-0.0897209119855837
0.007505543075106978,0.4982585951171113,0.4982585951171113,0.04982585951171113,-0.00427048210246053,-0.00012664514406066283,-0.4011258992687425,-0.06117134867444155,0.0,0.0,0.0,0.0,0.0,0.0,0.0,0.0,-0.012480856344144106,3.619562533663502e-05,2.3165551420609654,-0.08556632628808108
0.007649880441935958,0.4529832370532169,0.4529832370532169,0.04529832370532169,-0.0038143814671866907,-0.00024264886713066595,3.1599622834622973,-0.05616496591529522,0.0,0.0,0.0,0.0,0.0,0.0,0.0,0.0,-0.011937793090853275,-0.00010906173264234355,3.762457811318441,-0.08159091063001045
0.007794217808764938,0.4080943103265073,0.4080943103265073,0.04080943103265073,-0.0029806675597198705,-0.0003938017976943933,5.7761474092475105,-0.04925601156599416,0.0,0.0,0.0,0.0,0.0,0.0,0.0,0.0,-0.011346313706380288,-0.00015079907748524732,4.097895073656216,-0.0789280350170313
0.00793855517559392,0.3639607575628144,0.3639607575628144,0.03639607575628144,-0.0020152095856294933,-1.8364430551760804e-05,6.688898344905385,-0.039089628706001904,0.0,0.0,0.0,0.0,0.0,0.0,0.0,0.0,-0.010807233135143389,-2.9799198608408993e-06,3.734864942323834,-0.07648671293636455
0.008082892542422901,0.32094531296033246,0.32094531296033246,0.03209453129603325,-0.0011591147327334695,0.0006876953040882355,5.931207363027266,-0.027615099775685974,0.0,0.0,0.0,0.0,0.0,0.0,0.0,0.0,-0.010285540274989997,0.0001915245259338328,3.614399178914773,-0.0724241405763445
0.008227229909251883,0.2794015209729016,0.2794015209729016,0.02794015209729016,-0.0005812822218287365,0.0008488783032510653,4.003346628800417,-0.01788953799790464,0.0,0.0,0.0,0.0,0.0,0.0,0.0,0.0,-0.009688300412794091,0.0001955537722574681,4.137804889454208,-0.0661132821554415
0.008371567276080865,0.23967083052391042,0.23967083052391042,0.023967083052391043,-0.0003220720194049791,-1.934166654881048e-05,1.7958634560022346,-0.011697545585398665,0.0,0.0,0.0,0.0,0.0,0.0,0.0,0.0,-0.008995540108006737,-3.3942684183428094e-05,4.799590847518867,-0.058459512778963024
0.008515904642909846,0.20207978863351062,0.20207978863351062,0.020207978863351062,-0.0002485111518293224,-0.0012587668620278511,0.5096453481988165,-0.00897182987683688,0.0,0.0,0.0,0.0,0.0,0.0,0.0,0.0,-0.00828667077555319,-0.0002655896285514135,4.911197620041462,-0.05043489893020668
0.008660242009738828,0.16693735652475156,0.16693735652475156,0.016693735652475155,-0.00010851239817041033,-0.00165150475083176,0.9699411644719123,-0.008806603125369385,0.0,0.0,0.0,0.0,0.0,0.0,0.0,0.0,-0.007632158774153181,-0.0002497267834100263,4.534598460393898,-0.041760066583830247
0.00880457937656781,0.13453237026759157,0.13453237026759157,0.013453237026759157,0.0002672107686418137,-0.0007410416752731521,2.6030900733931226,-0.010422292207297046,0.0,0.0,0.0,0.0,0.0,0.0,0.0,0.0,-0.006982615994984408,-1.2320462732069205e-05,4.500170631063153,-0.03144239365084934
0.008948916743396792,0.10513116683178197,0.10513116683178197,0.010513116683178197,0.0007534951088940944,0.0006461583470545009,3.3690814162382168,-0.0130656384539904,0.0,0.0,0.0,0.0,0.0,0.0,0.0,0.0,-0.006197804546424704,0.000179747577739911,5.437340764914942,-0.019645531180355648
0.009093254110225773,0.07897539506012813,0.07897539506012813,0.007897539506012814,0.0009579881084431844,0.0012966802210783513,1.416771027778162,-0.015436921480241414,0.0,0.0,0.0,0.0,0.0,0.0,0.0,0.0,-0.005201455935205822,0.00014445509101636782,6.902915254089447,-0.008671621534452584
0.009237591477054755,0.05628002955375783,0.05628002955375783,0.005628002955375783,0.0005574512705883807,0.0008742048312309456,-2.7750044680348105,-0.015841963415613204,0.0,0.0,0.0,0.0,0.0,0.0,0.0,0.0,-0.004098859810912197,-7.309239467213502e-06,7.639020639749082,-0.0016442683477504055
0.009381928843883737,0.03723160379330287,0.03723160379330287,0.0037231603793302873,-0.0003362188344010224,0.00011401994150740282,-6.1915367075268115,-0.013268539478201023,0.0,0.0,0.0,0.0,0.0,0.0,0.0,0.0,-0.0031211677668016077,-4.301639997495494e-05,6.773658586061144,4.55273739736568e-05
0.009526266210712718,0.021986677017990786,0.021986677017990786,0.0021986677017990786,-0.0011834591889711976,-0.00016690594326428598,-5.869861513921263,-0.008301235336027073,0.0,0.0,0.0,0.0,0.0,0.0,0.0,0.0,-0.002437699103965704,6.984696218415475e-05,4.735216374327463,-0.0019726888495010873
0.0096706035775417,0.010670547463383195,0.010670547463383195,0.0010670547463383195,-0.0014743515328932207,1.7045580824698434e-05,-2.0153640759339,-0.002790861626775851,0.0,0.0,0.0,0.0,0.0,0.0,0.0,0.0,-0.002014633371989656,0.00012124846139061903,2.9310894418443816,-0.00435717453531303
0.009814940944370682,0.0033762225336794183,0.0033762225336794183,0.00033762225336794185,-0.0012184059669632355,2.8875943288696838e-05,1.7732453594864495,0.0015152781312104079,0.0,0.0,0.0,0.0,0.0,0.0,0.0,0.0,-0.0016500748832277731,-3.9369943354027e-05,2.5257388074276745,-0.004751674391928366
0.009959278311199663,0.0001636543727484563,0.0001636543727484563,1.636543727484563e-05,-0.0009411680242670447,-0.00045287656045384057,1.9207634778641658,0.004096533174808469,0.0,0.0,0.0,0.0,0.0,0.0,0.0,0.0,-0.0011382294136725217,-0.0002578956979974401,3.5461743608064573,-0.0034226846662642895
0.010103615678028645,0.0,0.0,0.0,-0.0011342054058842812,-0.0009922752508301194,-1.3374040683862345,0.005588713485914031,0.0,0.0,0.0,0.0,0.0,0.0,0.0,0.0,-0.0004347927367813417,-0.00023859444271526333,4.873559025949585,-0.0026043018159807516
0.010247953044857627,0.0,0.0,0.0,-0.0017002580255924473,-0.0009497982834802424,-3.9217330352080912,0.006874459888154666,0.0,0.0,0.0,0.0,0.0,0.0,0.0,0.0,0.00022944173938445193,6.3220425316089e-05,4.601957835026965,-0.004341584466736321
0.010392290411686609,0.0,0.0,0.0,-0.0019924593180745058,-0.0002679724724617191,-2.0244327501711563,0.008433948393645025,0.0,0.0,0.0,0.0,0.0,0.0,0.0,0.0,0.0006293497051451768,0.0003296743700435609,2.7706475083098634,-0.008823317383516209
0.01053662777851559,0.0,0.0,0.0,-0.0014484067859596129,0.0004822261543925588,3.7693117455822382,0.010458818431925344,0.0,0.0,0.0,0.0,0.0,0.0,0.0,0.0,0.0006947540951305714,0.00023738348438954426,0.45313553532460554,-0.014690100339277142
0.010680965145344572,0.0,0.0,0.0,-0.000180982035078615,0.0007672636360114807,8.780988448976677,0.01312813270359184,0.0,0.0,0.0,0.0,0.0,0.0,0.0,0.0,0.00048777191803599446,-0.00013116029070187995,-1.434016579641639,-0.020133810891897405
0.010825302512173554,0.0,0.0,0.0,0.0010896569010745013,0.0005943499031751976,8.803257008690164,0.01627259687851004,0.0,0.0,0.0,0.0,0.0,0.0,0.0,0.0,0.00012392156995248916,-0.0003477095634239201,-2.520832658078166,-0.023508095006937593
0.010969639879002535,0.0,0.0,0.0,0.0016955396651553902,0.00030957025830742347,4.197684753379004,0.01866199145872623,0.0,0.0,0.0,0.0,0.0,0.0,0.0,0.0,-0.0002603771293946847,-0.000137026977487699,-2.662503188121137,-0.023376631240429706
0.011113977245831517,0.0,0.0,0.0,0.0015923400575598562,9.912925978442689e-05,-0.7149888477445356,0.01806436490012465,0.0,0.0,0.0,0.0,0.0,0.0,0.0,0.0,-0.0004905168854032825,0.00027524335498424127,-1.5944572155128693,-0.018834530131098193
0.011258314612660499,0.0,0.0,0.0,0.0012822283687832657,-0.00011381426909014525,-2.148519787977196,0.012729904125314884,0.0,0.0,0.0,0.0,0.0,0.0,0.0,0.0,-0.0003773755185034976,0.00040399799048793724,0.7838674723354245,-0.010422325758786665
0.01140265197948948,0.0,0.0,0.0,0.0012309247320114874,-0.00034761801280964777,-0.355442515676245,0.003333955765572666,0.0,0.0,0.0,0.0,0.0,0.0,0.0,0.0,0.00016517846231383862,7.039710545502211e-05,3.7589294632219663,-0.0007083576042640764
0.011546989346318462,0.0,0.0,0.0,0.001427585798830593,-0.0003960692520285534,1.3625097307762275,-0.006573793641413442,0.0,0.0,0.0,0.0,0.0,0.0,0.0,0.0,0.0009911394320395194,-0.0003767592824089731,5.722433406342527,0.006639284515007469
0.011691326713147444,0.0,0.0,0.0,0.0015113189345009389,-0.00011188949042553243,0.580120986754298,-0.012583257914066039,0.0,0.0,0.0,0.0,0.0,0.0,0.0,0.0,0.001732977492837886,-0.0004531146501330284,5.139611987499635,0.00912365080601047
0.011835664079976426,0.0,0.0,0.0,0.0012333730587033968,0.0002870946484360871,-1.9256681890758514,-0.012595579258615654,0.0,0.0,0.0,0.0,0.0,0.0,0.0,0.0,0.0020028335243332746,-8.602164960953626e-05,1.8696200258047364,0.007264936119781463
0.011980001446805407,0.0,0.0,0.0,0.0006975241992605209,0.0004037476551415327,-3.7124749551360257,-0.008484864182245396,0.0,0.0,0.0,0.0,0.0,0.0,0.0,0.0,0.0016493131919525011,0.0003190937709639496,-2.44926411051715,0.004256577348710832
0.01212433881363439,0.0,0.0,0.0,0.00015649467267793963,0.0001547678739954895,-3.748367719799272,-0.004651490533381631,0.0,0.0,0.0,0.0,0.0,0.0,0.0,0.0,0.0008570982347319761,0.0003514899326248997,-5.488633848774461,0.003513115980858907
0.012268676180463371,0.0,0.0,0.0,-0.00030814647140996974,-0.00010715209195684145,-3.2191327463971264,-0.004550682778217101,0.0,0.0,0.0,0.0,0.0,0.0,0.0,0.0,1.3082628636289706e-06,3.9076106933557525e-05,-5.92909508237275,0.006124229093990194
0.012413013547292353,0.0,0.0,0.0,-0.0007964566850561324,-6.001297875200633e-05,-3.383117098323801,-0.00809802721900063,0.0,0.0,0.0,0.0,0.0,0.0,0.0,0.0,-0.0006170460832374345,-0.00023525979529092644,-4.284090528225593,0.010310458810562318
0.012557350914121334,0.0,0.0,0.0,-0.001305458201492973,0.00014232821405012392,-3.5264708482587985,-0.01206884424010377,0.0,0.0,0.0,0.0,0.0,0.0,0.0,0.0,-0.0009324135711424209,-0.00019815151710675627,-2.1849330830501423,0.013126521787096876
0.012701688280950316,0.0,0.0,0.0,-0.0015724728788091044,8.668119937194558e-05,-1.8499345192607268,-0.01294394522921276,0.0,0.0,0.0,0.0,0.0,0.0,0.0,0.0,-0.0010628411664554695,3.819749475748036e-05,-0.9036301422041733,0.012716735969887328
0.012846025647779298,0.0,0.0,0.0,-0.0013240528320188124,-0.0002715954198814802,1.7211069610590357,-0.009602874464204346,0.0,0.0,0.0,0.0,0.0,0.0,0.0,0.0,-0.0011358665826053846,0.00017553743227299393,-0.5059356267489578,0.009221103802665186
0.01299036301460828,0.0,0.0,0.0,-0.0006754927596479213,-0.0004489058010643543,4.493362229195564,-0.003671200525013128,0.0,0.0,0.0,0.0,0.0,0.0,0.0,0.0,-0.0011739838648054256,0.0001025100435783649,-0.26408464445110913,0.003956174969040585
0.013134700381437261,0.0,0.0,0.0,-0.00016627818118052055,-6.143403148280956e-05,3.527946987357364,0.002352712200974813,0.0,0.0,0.0,0.0,0.0,0.0,0.0,0.0,-0.0011278032184931467,-2.3611088539032674e-05,0.3199493473301069,-0.001917954051679291
0.013279037748266243,0.0,0.0,0.0,-0.0002859680798357517,0.0005350096393206474,-0.8292370942103017,0.00713486113276093,0.0,0.0,0.0,0.0,0.0,0.0,0.0,0.0,-0.000982101539514334,-3.471701656670169e-05,1.0094522449716534,-0.00789297332419111
0.013423375115095225,0.0,0.0,0.0,-0.0009474848288591456,0.0005237732469016977,-4.5831288429086605,0.010863385632764434,0.0,0.0,0.0,0.0,0.0,0.0,0.0,0.0,-0.000799296726959478,2.7345967381256084e-05,1.2665106518913603,-0.013600701757552191
0.013567712481924206,0.0,0.0,0.0,-0.0014952906515859137,-0.0003680508885583705,-3.7953153418396255,0.01400323226319468,0.0,0.0,0.0,0.0,0.0,0.0,0.0,0.0,-0.0006541782418940912,8.023719102262668e-06,1.0054117534049973,-0.018219476610270534
0.013712049848753188,0.0,0.0,0.0,-0.0013014192530284192,-0.0013572818882439908,1.3431823152711608,0.016105065234649104,0.0,0.0,0.0,0.0,0.0,0.0,0.0,0.0,-0.0005411429438258581,-0.00010968046699439783,0.7831326048933892,-0.02063837928211753
0.01385638721558217,0.0,0.0,0.0,-0.0003680785323373913,-0.0013390294231468678,6.466383177108237,0.01604311375957963,0.0,0.0,0.0,0.0,0.0,0.0,0.0,0.0,-0.0003624250530167739,-0.00016107194262639926,1.2381955881240252,-0.02024238448677291
0.014000724582411151,0.0,0.0,0.0,0.000677076509386046,-0.00012058097953142757,7.241056593209092,0.013372843003822223,0.0,0.0,0.0,0.0,0.0,0.0,0.0,0.0,-1.497426439716628e-05,-2.5809264747249497e-05,2.407213019420571,-0.01747646853021475
0.014145061949240133,0.0,0.0,0.0,0.0011862391255630727,0.001286295119475086,3.527586981549335,0.009251634022700154,0.0,0.0,0.0,0.0,0.0,0.0,0.0,0.0,0.0005079495483509686,0.00018409827964115284,3.6229274805028258,-0.01361331413263682
0.014289399316069115,0.0,0.0,0.0,0.0010773417637335453,0.0017048719432508836,-0.7544641018604323,0.005815252197775212,0.0,0.0,0.0,0.0,0.0,0.0,0.0,0.0,0.0010915925202869144,0.00023660298268434704,4.043602739597403,-0.009966339019987072
0.014433736682898097,0.0,0.0,0.0,0.000823235120505213,0.0009856757751264685,-1.7605049115896012,0.004499748142620672,0.0,0.0,0.0,0.0,0.0,0.0,0.0,0.0,0.00156154851791766,5.929384316513339e-05,3.2559551830232114,-0.007235310255015085
0.014578074049727078,0.0,0.0,0.0,0.0009018659992703905,4.9109352526604064e-06,0.5447714648857587,0.004865442579843597,0.0,0.0,0.0,0.0,0.0,0.0,0.0,0.0,0.0017702108399524278,-0.00016728037100608925,1.4456569814107918,-0.005379170552296572
0.01472241141655606,0.0,0.0,0.0,0.0013057724682220384,-0.00043052830394191754,2.798349989509071,0.004986616095839672,0.0,0.0,0.0,0.0,0.0,0.0,0.0,0.0,0.0016488244330507616,-0.00021915681594473447,-0.8409908644480889,-0.003859665495002129
0.014866748783385042,0.0,0.0,0.0,0.0015996009289886046,-0.00039705448584991774,2.035706118393508,0.0030108719033331306,0.0,0.0,0.0,0.0,0.0,0.0,0.0,0.0,0.0012196019759862114,-7.843609674945015e-05,-2.973744543733536,-0.001931557889592901
0.015011086150214023,0.0,0.0,0.0,0.0015729425701287664,-0.0003925430942381522,-0.1846947844865734,0.0010398558063121526,0.0,0.0,0.0,0.0,0.0,0.0,0.0,0.0,0.0009205705417698049,9.694539783189164e-06,-2.071753425921329,-0.0005899153347721641
