time_s,vx
0.0,0.0
5e-05,0.0
0.0001,0.0
0.00015,0.0
0.0002,0.0
0.00025,0.0
0.0003,0.0
0.00035,0.0
0.0004,0.0
0.00045,0.0
0.0005,0.0
0.00055,0.0
0.0006,2.78756815718e-06
0.00065,8.40644340897e-06
0.0007,1.40253186608e-05
0.00075,1.96441939126e-05
0.0008,3.78141656964e-05
0.00085,6.30417688678e-05
0.0009,8.82693720391e-05
0.00095,0.00011349697521
0.001,0.000193657941494
0.00105,0.000288949478928
0.0011,0.000384241016361
0.00115,0.000479532553795
0.0012,0.000716490902257
0.00125,0.000964438106608
0.0013,0.00121238531096
0.00135,0.00148862952884
0.0014,0.00194233966977
0.00145,0.00239604981069
0.0015,0.00284975995162
0.00155,0.0033663195872
0.0016,0.00404436875789
0.00165,0.00472241792858
0.0017,0.00540046709928
0.00175,0.00615574802498
0.0018,0.0070158946222
0.00185,0.00787604121942
0.0019,0.00873618781664
0.00195,0.00967510941579
0.002,0.0106739218273
0.00205,0.0116727342387
0.0021,0.0126715466502
0.00215,0.0137561761176
0.0022,0.0148755076697
0.00225,0.0159948392218
0.0023,0.0171141707739
0.00235,0.0183574178427
0.0024,0.0196215053013
0.00245,0.0208855927598
0.0025,0.0221556164692
0.00255,0.0235102814241
0.0026,0.0248649463789
0.00265,0.0262196113337
0.0027,0.0275917756258
0.00275,0.0290299668475
0.0028,0.0304681580692
0.00285,0.0319063492909
0.0029,0.0333639673747
0.00295,0.0348573268115
0.003,0.0363506862483
0.00305,0.0378440456851
0.0031,0.0393617394542
0.00315,0.0409041493785
0.0032,0.0424465593029
0.00325,0.0439889692272
0.0033,0.0455448293764
0.00335,0.0471082527475
0.0034,0.0486716761186
0.00345,0.0502350994896
0.0035,0.0517930160383
0.00355,0.0533494158153
0.0036,0.0549058155923
0.00365,0.0564622153694
0.0037,0.0580091898052
0.00375,0.0595554331332
0.0038,0.0611016764612
0.00385,0.0626374939281
0.0039,0.0641079251643
0.00395,0.0655783564005
0.004,0.0670487876366
0.00405,0.0685024958594
0.0041,0.0699132348959
0.00415,0.0713239739323
0.0042,0.0727347129687
0.00425,0.0741079911996
0.0043,0.0754304049572
0.00435,0.0767528187148
0.0044,0.0780752324724
0.00445,0.0793363948795
0.0045,0.0805509893013
0.00455,0.0817655837231
0.0046,0.0829801781448
0.00465,0.0841009739529
0.0047,0.0851838401513
0.00475,0.0862667063497
0.0048,0.0873495725481
0.00485,0.0883277114716
0.0049,0.089288237127
0.00495,0.0902487627825
0.005,0.0911980277939
0.00505,0.0919867344057
0.0051,0.0927754410176
0.00515,0.0935641476295
0.0052,0.0943172952492
0.00525,0.0949362748685
0.0053,0.0955552544879
0.00535,0.0961742341073
0.0054,0.0967331129362
0.00545,0.0971814189117
0.0055,0.0976297248871
0.00555,0.0980780308625
0.0056,0.0984359684295
0.00565,0.0987021196429
0.0057,0.0989682708564
0.00575,0.0992344220698
0.0058,0.0993813195167
0.00585,0.0994611591472
0.0059,0.0995409987777
0.00595,0.0996208384082
0.006,0.0995546011455
0.00605,0.099448129193
0.0061,0.0993416572405
0.00615,0.0992351852881
0.0062,0.0989485173256
0.00625,0.0986478718623
0.0063,0.0983472263989
0.00635,0.09802302064
0.0064,0.0975510554864
0.00645,0.0970790903329
0.0065,0.0966071251794
0.00655,0.0960868455583
0.0066,0.0954424236359
0.00665,0.0947980017135
0.0067,0.0941535797912
0.00675,0.0934372637618
0.0068,0.0926233295468
0.00685,0.0918093953317
0.0069,0.0909954611167
0.00695,0.0900924266255
0.007,0.0891216512549
0.00705,0.0881508758842
0.0071,0.0871801005135
0.00715,0.0861135260363
0.0072,0.0850082130047
0.00725,0.083902899973
0.0073,0.0827975869413
0.00735,0.0815709874608
0.0074,0.0803239897531
0.00745,0.0790769920454
0.0075,0.0778244091783
0.00755,0.0764921910567
0.0076,0.0751599729352
0.00765,0.0738277548136
0.0077,0.072476252534
0.00775,0.0710519889985
0.0078,0.069627725463
0.00785,0.0682034619275
0.0079,0.0667563510205
0.00795,0.0652672057401
0.008,0.0637780604597
0.00805,0.0622889151793
0.0081,0.060781010703
0.00815,0.0592540526856
0.0082,0.0577270946682
0.00825,0.0562001366508
0.0083,0.0546570310238
0.00835,0.0531048454033
0.0084,0.0515526597827
0.00845,0.0500004741621
0.0085,0.0484449844481
0.00855,0.0468885846711
0.0086,0.045332184894
0.00865,0.043775785117
0.0087,0.042215549281
0.00875,0.0406550158883
0.0088,0.0390944824955
0.00885,0.0375442198625
0.0089,0.036058370735
0.00895,0.0345725216075
0.009,0.0330866724799
0.00905,0.0316199221566
0.0091,0.0302022455293
0.00915,0.028784568902
0.0092,0.0273668922746
0.00925,0.0259836611073
0.0093,0.0246472001616
0.00935,0.0233107392159
0.0094,0.0219742782701
0.00945,0.0206966909304
0.0095,0.0194638638318
0.00955,0.0182310367331
0.0096,0.0169982096345
0.00965,0.0158572214833
0.0097,0.0147533705059
0.00975,0.0136495195285
0.0098,0.0125456685511
0.00985,0.0115486308743
0.0099,0.0105695572982
0.00995,0.00959048372202
0.01,0.0086221613624
0.01005,0.00780713379747
0.0101,0.00699210623254
0.01015,0.00617707866762
0.0102,0.0053961158296
0.01025,0.00474472764862
0.0103,0.00409333946764
0.01035,0.00344195128667
0.0104,0.00285318249427
0.01045,0.00237962024793
0.0105,0.00190605800158
0.01055,0.00143249575523
0.0106,0.0010493019174
0.01065,0.000757894433042
0.0107,0.000466486948683
0.01075,0.000175079464323
0.0108,2.06331742633e-06
0.01085,-0.000104379967318
0.0109,-0.000210823252063
0.01095,-0.000317266536807
0.011,-0.000279835657361
0.01105,-0.000202776796765
0.0111,-0.000125717936169
0.01115,-4.8659075573e-05
0.0112,0.000204172493222
0.01125,0.000470638454896
0.0113,0.000737104416571
0.01135,0.00102874918997
0.0114,0.00147830395126
0.01145,0.00192785871255
0.0115,0.00237741347383
0.01155,0.00287528855632
0.0116,0.00349732098088
0.01165,0.00411935340544
0.0117,0.00474138583
0.01175,0.00543291710714
0.0118,0.00621881428139
0.01185,0.00700471145564
0.0119,0.00779060862989
0.01195,0.00866565493802
0.012,0.00960847927109
0.01205,0.0105513036042
0.0121,0.0114941279372
0.01215,0.0125406512818
0.0122,0.0136291076877
0.01225,0.0147175640936
0.0123,0.0158060204996
0.01235,0.0170179853744
0.0124,0.0182507221808
0.01245,0.0194834589872
0.0125,0.0207215865783
0.01255,0.0220365779582
0.0126,0.0233515693381
0.01265,0.024666560718
0.0127,0.0260014778709
0.01275,0.0274121882396
0.0128,0.0288228986083
0.01285,0.030233608977
0.0129,0.031667497504
0.01295,0.0331440289828
0.013,0.0346205604616
0.01305,0.0360970919404
0.0131,0.0376000484276
0.01315,0.0391298445503
0.0132,0.0406596406731
0.01325,0.0421894367958
0.0133,0.0437317564908
0.01335,0.0452811183399
0.0134,0.046830480189
0.01345,0.0483798420381
0.0135,0.0499325304574
0.01355,0.0514861351307
0.0136,0.0530397398039
0.01365,0.0545933444772
0.0137,0.0561573304648
0.01375,0.0577221217136
0.0138,0.0592869129623
0.01385,0.060842195753
0.0139,0.0623378458449
0.01395,0.0638334959368
0.014,0.0653291460287
0.01405,0.0668064933756
0.0141,0.0682368124723
0.01415,0.0696671315689
0.0142,0.0710974506655
0.01425,0.0724932878262
0.0143,0.073842305238
0.01435,0.0751913226499
0.0144,0.0765403400617
0.01445,0.0778305001536
0.0145,0.079075912386
0.01455,0.0803213246185
0.0146,0.081566736851
0.01465,0.0827293735929
0.0147,0.0838585381767
0.01475,0.0849877027605
0.0148,0.0861168673442
0.01485,0.0871260290734
0.0149,0.0881150084532
0.01495,0.089103987833
0.015,0.0900929672128
